<?xml version="1.0" encoding="UTF-8"?><font><info face="PixelGame" size="72" bold="0" italic="0" charset="" unicode="1" stretchH="100" smooth="1" aa="1" padding="1,1,1,1" spacing="1,1"/><common lineHeight="72" base="57" scaleW="337" scaleH="337" pages="1" packed="0"/><pages><page id="0" file="PixelGame.png"/></pages><chars count="91"><char id="32" x="0" y="0" width="0" height="0" xoffset="0" yoffset="0" xadvance="13" page="0" chnl="15"/><!--   --><char id="33" x="294" y="280" width="14" height="39" xoffset="1" yoffset="13" xadvance="16" page="0" chnl="15"/><!-- ! --><char id="34" x="266" y="225" width="27" height="19" xoffset="1" yoffset="13" xadvance="30" page="0" chnl="15"/><!-- " --><char id="35" x="0" y="167" width="43" height="39" xoffset="1" yoffset="13" xadvance="45" page="0" chnl="15"/><!-- # --><char id="36" x="48" y="280" width="29" height="57" xoffset="1" yoffset="4" xadvance="32" page="0" chnl="15"/><!-- $ --><char id="37" x="90" y="40" width="34" height="39" xoffset="1" yoffset="13" xadvance="36" page="0" chnl="15"/><!-- % --><char id="38" x="0" y="207" width="40" height="39" xoffset="1" yoffset="13" xadvance="43" page="0" chnl="15"/><!-- & --><char id="39" x="129" y="310" width="14" height="19" xoffset="1" yoffset="13" xadvance="16" page="0" chnl="15"/><!-- ' --><char id="40" x="297" y="120" width="23" height="39" xoffset="1" yoffset="13" xadvance="25" page="0" chnl="15"/><!-- ( --><char id="41" x="294" y="160" width="23" height="39" xoffset="1" yoffset="13" xadvance="25" page="0" chnl="15"/><!-- ) --><char id="42" x="93" y="320" width="16" height="15" xoffset="1" yoffset="13" xadvance="19" page="0" chnl="15"/><!-- * --><char id="43" x="266" y="198" width="27" height="26" xoffset="1" yoffset="19" xadvance="30" page="0" chnl="15"/><!-- + --><char id="44" x="146" y="320" width="12" height="15" xoffset="1" yoffset="41" xadvance="14" page="0" chnl="15"/><!-- , --><char id="45" x="176" y="320" width="27" height="9" xoffset="1" yoffset="28" xadvance="30" page="0" chnl="15"/><!-- - --><char id="46" x="159" y="320" width="12" height="11" xoffset="1" yoffset="41" xadvance="14" page="0" chnl="15"/><!-- . --><char id="47" x="266" y="160" width="27" height="37" xoffset="1" yoffset="14" xadvance="30" page="0" chnl="15"/><!-- / --><char id="48" x="236" y="200" width="27" height="39" xoffset="1" yoffset="13" xadvance="30" page="0" chnl="15"/><!-- 0 --><char id="49" x="93" y="280" width="21" height="39" xoffset="1" yoffset="13" xadvance="23" page="0" chnl="15"/><!-- 1 --><char id="50" x="116" y="270" width="29" height="39" xoffset="1" yoffset="13" xadvance="32" page="0" chnl="15"/><!-- 2 --><char id="51" x="164" y="0" width="29" height="39" xoffset="1" yoffset="13" xadvance="32" page="0" chnl="15"/><!-- 3 --><char id="52" x="90" y="80" width="32" height="39" xoffset="1" yoffset="13" xadvance="34" page="0" chnl="15"/><!-- 4 --><char id="53" x="158" y="40" width="29" height="39" xoffset="1" yoffset="13" xadvance="32" page="0" chnl="15"/><!-- 5 --><char id="54" x="156" y="80" width="29" height="39" xoffset="1" yoffset="13" xadvance="32" page="0" chnl="15"/><!-- 6 --><char id="55" x="149" y="120" width="29" height="39" xoffset="1" yoffset="13" xadvance="32" page="0" chnl="15"/><!-- 7 --><char id="56" x="146" y="160" width="29" height="39" xoffset="1" yoffset="13" xadvance="32" page="0" chnl="15"/><!-- 8 --><char id="57" x="146" y="200" width="29" height="39" xoffset="1" yoffset="13" xadvance="32" page="0" chnl="15"/><!-- 9 --><char id="58" x="266" y="305" width="12" height="22" xoffset="1" yoffset="21" xadvance="14" page="0" chnl="15"/><!-- : --><char id="59" x="116" y="310" width="12" height="27" xoffset="1" yoffset="21" xadvance="14" page="0" chnl="15"/><!-- ; --><char id="61" x="266" y="285" width="25" height="19" xoffset="1" yoffset="23" xadvance="27" page="0" chnl="15"/><!-- = --><char id="63" x="246" y="80" width="29" height="39" xoffset="1" yoffset="13" xadvance="32" page="0" chnl="15"/><!-- ? --><char id="64" x="0" y="120" width="47" height="46" xoffset="1" yoffset="9" xadvance="49" page="0" chnl="15"/><!-- @ --><char id="65" x="224" y="0" width="29" height="39" xoffset="1" yoffset="13" xadvance="32" page="0" chnl="15"/><!-- A --><char id="66" x="218" y="40" width="29" height="39" xoffset="1" yoffset="13" xadvance="32" page="0" chnl="15"/><!-- B --><char id="67" x="216" y="80" width="29" height="39" xoffset="1" yoffset="13" xadvance="32" page="0" chnl="15"/><!-- C --><char id="68" x="209" y="120" width="29" height="39" xoffset="1" yoffset="13" xadvance="32" page="0" chnl="15"/><!-- D --><char id="69" x="276" y="80" width="27" height="39" xoffset="1" yoffset="13" xadvance="30" page="0" chnl="15"/><!-- E --><char id="70" x="306" y="40" width="27" height="39" xoffset="1" yoffset="13" xadvance="30" page="0" chnl="15"/><!-- F --><char id="71" x="206" y="160" width="29" height="39" xoffset="1" yoffset="13" xadvance="32" page="0" chnl="15"/><!-- G --><char id="72" x="206" y="200" width="29" height="39" xoffset="1" yoffset="13" xadvance="32" page="0" chnl="15"/><!-- H --><char id="73" x="294" y="240" width="14" height="39" xoffset="1" yoffset="13" xadvance="16" page="0" chnl="15"/><!-- I --><char id="74" x="131" y="0" width="32" height="39" xoffset="1" yoffset="13" xadvance="34" page="0" chnl="15"/><!-- J --><char id="75" x="125" y="40" width="32" height="39" xoffset="1" yoffset="13" xadvance="34" page="0" chnl="15"/><!-- K --><char id="76" x="304" y="80" width="27" height="39" xoffset="1" yoffset="13" xadvance="30" page="0" chnl="15"/><!-- L --><char id="77" x="0" y="287" width="38" height="39" xoffset="1" yoffset="13" xadvance="41" page="0" chnl="15"/><!-- M --><char id="78" x="123" y="80" width="32" height="39" xoffset="1" yoffset="13" xadvance="34" page="0" chnl="15"/><!-- N --><char id="79" x="206" y="240" width="29" height="39" xoffset="1" yoffset="13" xadvance="32" page="0" chnl="15"/><!-- O --><char id="80" x="206" y="280" width="29" height="39" xoffset="1" yoffset="13" xadvance="32" page="0" chnl="15"/><!-- P --><char id="81" x="116" y="215" width="29" height="54" xoffset="1" yoffset="13" xadvance="32" page="0" chnl="15"/><!-- Q --><char id="82" x="254" y="0" width="29" height="39" xoffset="1" yoffset="13" xadvance="32" page="0" chnl="15"/><!-- R --><char id="83" x="269" y="120" width="27" height="39" xoffset="1" yoffset="13" xadvance="30" page="0" chnl="15"/><!-- S --><char id="84" x="116" y="120" width="32" height="39" xoffset="1" yoffset="13" xadvance="34" page="0" chnl="15"/><!-- T --><char id="85" x="248" y="40" width="29" height="39" xoffset="1" yoffset="13" xadvance="32" page="0" chnl="15"/><!-- U --><char id="86" x="48" y="160" width="34" height="39" xoffset="1" yoffset="13" xadvance="36" page="0" chnl="15"/><!-- V --><char id="87" x="0" y="80" width="54" height="39" xoffset="1" yoffset="13" xadvance="56" page="0" chnl="15"/><!-- W --><char id="88" x="48" y="200" width="34" height="39" xoffset="1" yoffset="13" xadvance="36" page="0" chnl="15"/><!-- X --><char id="89" x="48" y="240" width="34" height="39" xoffset="1" yoffset="13" xadvance="36" page="0" chnl="15"/><!-- Y --><char id="90" x="96" y="0" width="34" height="39" xoffset="1" yoffset="13" xadvance="36" page="0" chnl="15"/><!-- Z --><char id="91" x="312" y="0" width="25" height="39" xoffset="1" yoffset="13" xadvance="27" page="0" chnl="15"/><!-- [ --><char id="93" x="266" y="245" width="25" height="39" xoffset="1" yoffset="13" xadvance="27" page="0" chnl="15"/><!-- ] --><char id="94" x="204" y="320" width="18" height="13" xoffset="1" yoffset="13" xadvance="21" page="0" chnl="15"/><!-- ^ --><char id="95" x="0" y="327" width="25" height="9" xoffset="1" yoffset="43" xadvance="27" page="0" chnl="15"/><!-- _ --><char id="97" x="146" y="240" width="29" height="39" xoffset="1" yoffset="13" xadvance="32" page="0" chnl="15"/><!-- a --><char id="98" x="146" y="280" width="29" height="39" xoffset="1" yoffset="13" xadvance="32" page="0" chnl="15"/><!-- b --><char id="99" x="194" y="0" width="29" height="39" xoffset="1" yoffset="13" xadvance="32" page="0" chnl="15"/><!-- c --><char id="100" x="188" y="40" width="29" height="39" xoffset="1" yoffset="13" xadvance="32" page="0" chnl="15"/><!-- d --><char id="101" x="236" y="240" width="27" height="39" xoffset="1" yoffset="13" xadvance="30" page="0" chnl="15"/><!-- e --><char id="102" x="236" y="280" width="27" height="39" xoffset="1" yoffset="13" xadvance="30" page="0" chnl="15"/><!-- f --><char id="103" x="186" y="80" width="29" height="39" xoffset="1" yoffset="13" xadvance="32" page="0" chnl="15"/><!-- g --><char id="104" x="179" y="120" width="29" height="39" xoffset="1" yoffset="13" xadvance="32" page="0" chnl="15"/><!-- h --><char id="105" x="294" y="200" width="14" height="39" xoffset="1" yoffset="13" xadvance="16" page="0" chnl="15"/><!-- i --><char id="106" x="83" y="120" width="32" height="39" xoffset="1" yoffset="13" xadvance="34" page="0" chnl="15"/><!-- j --><char id="107" x="83" y="160" width="32" height="39" xoffset="1" yoffset="13" xadvance="34" page="0" chnl="15"/><!-- k --><char id="108" x="284" y="0" width="27" height="39" xoffset="1" yoffset="13" xadvance="30" page="0" chnl="15"/><!-- l --><char id="109" x="0" y="247" width="38" height="39" xoffset="1" yoffset="13" xadvance="41" page="0" chnl="15"/><!-- m --><char id="110" x="83" y="200" width="32" height="39" xoffset="1" yoffset="13" xadvance="34" page="0" chnl="15"/><!-- n --><char id="111" x="176" y="160" width="29" height="39" xoffset="1" yoffset="13" xadvance="32" page="0" chnl="15"/><!-- o --><char id="112" x="176" y="200" width="29" height="39" xoffset="1" yoffset="13" xadvance="32" page="0" chnl="15"/><!-- p --><char id="113" x="116" y="160" width="29" height="54" xoffset="1" yoffset="13" xadvance="32" page="0" chnl="15"/><!-- q --><char id="114" x="176" y="240" width="29" height="39" xoffset="1" yoffset="13" xadvance="32" page="0" chnl="15"/><!-- r --><char id="115" x="278" y="40" width="27" height="39" xoffset="1" yoffset="13" xadvance="30" page="0" chnl="15"/><!-- s --><char id="116" x="83" y="240" width="32" height="39" xoffset="1" yoffset="13" xadvance="34" page="0" chnl="15"/><!-- t --><char id="117" x="176" y="280" width="29" height="39" xoffset="1" yoffset="13" xadvance="32" page="0" chnl="15"/><!-- u --><char id="118" x="61" y="0" width="34" height="39" xoffset="1" yoffset="13" xadvance="36" page="0" chnl="15"/><!-- v --><char id="119" x="0" y="40" width="54" height="39" xoffset="1" yoffset="13" xadvance="56" page="0" chnl="15"/><!-- w --><char id="120" x="55" y="40" width="34" height="39" xoffset="1" yoffset="13" xadvance="36" page="0" chnl="15"/><!-- x --><char id="121" x="55" y="80" width="34" height="39" xoffset="1" yoffset="13" xadvance="36" page="0" chnl="15"/><!-- y --><char id="122" x="48" y="120" width="34" height="39" xoffset="1" yoffset="13" xadvance="36" page="0" chnl="15"/><!-- z --><char id="123" x="239" y="120" width="29" height="39" xoffset="1" yoffset="13" xadvance="32" page="0" chnl="15"/><!-- { --><char id="124" x="78" y="280" width="14" height="55" xoffset="1" yoffset="5" xadvance="16" page="0" chnl="15"/><!-- | --><char id="125" x="236" y="160" width="29" height="39" xoffset="1" yoffset="13" xadvance="32" page="0" chnl="15"/><!-- } --><char id="8470" x="0" y="0" width="60" height="39" xoffset="1" yoffset="13" xadvance="63" page="0" chnl="15"/><!-- № --></chars><kernings count="89"><kerning first="51" second="52" amount="-3"/><kerning first="108" second="116" amount="-8"/><kerning first="108" second="118" amount="-1"/><kerning first="108" second="121" amount="-6"/><kerning first="108" second="84" amount="-8"/><kerning first="108" second="86" amount="-1"/><kerning first="108" second="89" amount="-6"/><kerning first="112" second="106" amount="-1"/><kerning first="112" second="74" amount="-1"/><kerning first="116" second="97" amount="-1"/><kerning first="116" second="99" amount="-1"/><kerning first="116" second="101" amount="-1"/><kerning first="116" second="102" amount="-1"/><kerning first="116" second="103" amount="-1"/><kerning first="116" second="106" amount="-9"/><kerning first="116" second="107" amount="-1"/><kerning first="116" second="109" amount="-1"/><kerning first="116" second="110" amount="-1"/><kerning first="116" second="111" amount="-1"/><kerning first="116" second="113" amount="-1"/><kerning first="116" second="115" amount="-1"/><kerning first="116" second="116" amount="-1"/><kerning first="116" second="117" amount="-1"/><kerning first="116" second="118" amount="-1"/><kerning first="116" second="121" amount="-1"/><kerning first="116" second="122" amount="-1"/><kerning first="116" second="65" amount="-1"/><kerning first="116" second="67" amount="-1"/><kerning first="116" second="69" amount="-1"/><kerning first="116" second="70" amount="-1"/><kerning first="116" second="71" amount="-1"/><kerning first="116" second="74" amount="-9"/><kerning first="116" second="75" amount="-1"/><kerning first="116" second="77" amount="-1"/><kerning first="116" second="78" amount="-1"/><kerning first="116" second="79" amount="-1"/><kerning first="116" second="81" amount="-1"/><kerning first="116" second="83" amount="-1"/><kerning first="116" second="84" amount="-1"/><kerning first="116" second="85" amount="-1"/><kerning first="116" second="86" amount="-1"/><kerning first="116" second="89" amount="-1"/><kerning first="116" second="90" amount="-1"/><kerning first="121" second="106" amount="-8"/><kerning first="121" second="74" amount="-8"/><kerning first="76" second="116" amount="-8"/><kerning first="76" second="118" amount="-1"/><kerning first="76" second="121" amount="-6"/><kerning first="76" second="84" amount="-8"/><kerning first="76" second="86" amount="-1"/><kerning first="76" second="89" amount="-6"/><kerning first="80" second="106" amount="-1"/><kerning first="80" second="74" amount="-1"/><kerning first="84" second="97" amount="-1"/><kerning first="84" second="99" amount="-1"/><kerning first="84" second="101" amount="-1"/><kerning first="84" second="102" amount="-1"/><kerning first="84" second="103" amount="-1"/><kerning first="84" second="106" amount="-9"/><kerning first="84" second="107" amount="-1"/><kerning first="84" second="109" amount="-1"/><kerning first="84" second="110" amount="-1"/><kerning first="84" second="111" amount="-1"/><kerning first="84" second="113" amount="-1"/><kerning first="84" second="115" amount="-1"/><kerning first="84" second="116" amount="-1"/><kerning first="84" second="117" amount="-1"/><kerning first="84" second="118" amount="-1"/><kerning first="84" second="121" amount="-1"/><kerning first="84" second="122" amount="-1"/><kerning first="84" second="65" amount="-1"/><kerning first="84" second="67" amount="-1"/><kerning first="84" second="69" amount="-1"/><kerning first="84" second="70" amount="-1"/><kerning first="84" second="71" amount="-1"/><kerning first="84" second="74" amount="-9"/><kerning first="84" second="75" amount="-1"/><kerning first="84" second="77" amount="-1"/><kerning first="84" second="78" amount="-1"/><kerning first="84" second="79" amount="-1"/><kerning first="84" second="81" amount="-1"/><kerning first="84" second="83" amount="-1"/><kerning first="84" second="84" amount="-1"/><kerning first="84" second="85" amount="-1"/><kerning first="84" second="86" amount="-1"/><kerning first="84" second="89" amount="-1"/><kerning first="84" second="90" amount="-1"/><kerning first="89" second="106" amount="-8"/><kerning first="89" second="74" amount="-8"/></kernings></font>